,ID,Genus,Species,FROH,Sex,Reference,Name,Population
0,PD_0001,Cheracebus,lugens,0.02829385,F,Pithecia_pithecia,Cheracebus_lugens,Cheracebus_lugens
1,PD_0005,Alouatta,macconnelli,0.06254126,M,Atele_fusciceps,Alouatta_macconnelli,Alouatta_macconnelli
2,PD_0006,Chiropotes,israelita,0.03880299,F,Pithecia_pithecia,Chiropotes_israelita,Chiropotes_israelita
3,PD_0011,Sapajus,macrocephalus,0.2827679,F,Cebus_albifrons,Sapajus_macrocephalus,Sapajus_macrocephalus
4,PD_0012,Saimiri,ustus,0.04070355,F,Cebus_albifrons,Saimiri_ustus,Saimiri_ustus
5,PD_0013,Cebus,unicolor,0.0088365,F,Cebus_albifrons,Cebus_unicolor,Cebus_unicolor
6,PD_0014,Plecturocebus,cupreus,0.02564819,F,Pithecia_pithecia,Plecturocebus_cupreus,Plecturocebus_cupreus
7,PD_0020,Cacajao,calvus,0.07547476,F,Pithecia_pithecia,Cacajao_calvus,Cacajao_calvus
8,PD_0021,Cacajao,calvus,0.38788293,F,Pithecia_pithecia,Cacajao_calvus,Cacajao_calvus
9,PD_0023,Cacajao,calvus,0.02535423,F,Pithecia_pithecia,Cacajao_calvus,Cacajao_calvus
10,PD_0024,Cacajao,calvus,0.07723853,F,Pithecia_pithecia,Cacajao_calvus,Cacajao_calvus
11,PD_0025,Alouatta,seniculus,0.04502374,F,Atele_fusciceps,Alouatta_seniculus,Alouatta_seniculus
12,PD_0026,Alouatta,puruensis,0.13566757,F,Atele_fusciceps,Alouatta_puruensis,Alouatta_puruensis
13,PD_0032,Cercopithecus,ascanius,0.02506197,F,Cercopithecus_mitis,Cercopithecus_ascanius,Cercopithecus_ascanius
14,PD_0066,Cercopithecus,ascanius,0.02506197,F,Cercopithecus_mitis,Cercopithecus_ascanius,Cercopithecus_ascanius
15,PD_0071,Macaca,arctoides,0.20145555,M,Macaca_mulatta,Macaca_arctoides,Macaca_arctoides
16,PD_0072,Alouatta,seniculus,0.02631355,F,Atele_fusciceps,Alouatta_seniculus,Alouatta_seniculus
17,PD_0074,Ateles,chamek,0.05441611,M,Atele_fusciceps,Ateles_chamek,Ateles_chamek
18,PD_0075,Ateles,paniscus,0.06865375,M,Atele_fusciceps,Ateles_paniscus,Ateles_paniscus
19,PD_0077,Cebus,unicolor,0.00403557,M,Cebus_albifrons,Cebus_unicolor,Cebus_unicolor
20,PD_0080,Chiropotes,albinasus,0.12272916,F,Pithecia_pithecia,Chiropotes_albinasus,Chiropotes_albinasus
21,PD_0081,Chiropotes,sagulatus,0.05827798,M,Pithecia_pithecia,Chiropotes_sagulatus,Chiropotes_sagulatus
22,PD_0082,Chiropotes,sagulatus,0.0332912,F,Pithecia_pithecia,Chiropotes_sagulatus,Chiropotes_sagulatus
23,PD_0088,Cacajao,calvus,0.03578988,F,Pithecia_pithecia,Cacajao_calvus,Cacajao_calvus
24,PD_0089,Alouatta,macconnelli,0.02109556,F,Atele_fusciceps,Alouatta_macconnelli,Alouatta_macconnelli
25,PD_0097,Macaca,leonina,0.20991439,M,Macaca_mulatta,Macaca_leonina,Macaca_leonina
26,PD_0102,Semnopithecus,entellus,0.04758989,F,Rhinopithecus_roxellana,Semnopithecus_entellus,Semnopithecus_entellus
27,PD_0110,Nycticebus,pygmaeus,0.2283486,F,Nycticebus_pygmaeus,Nycticebus_pygmaeus,Nycticebus_pygmaeus
28,PD_0111,Nycticebus,pygmaeus,0.29171198,M,Nycticebus_pygmaeus,Nycticebus_pygmaeus,Nycticebus_pygmaeus
29,PD_0130,Cacajao,calvus,0.34584635,M,Pithecia_pithecia,Cacajao_calvus,Cacajao_calvus
30,PD_0132,Cacajao,calvus,0.02902875,F,Pithecia_pithecia,Cacajao_calvus,Cacajao_calvus
31,PD_0133,Cacajao,calvus,0.03571639,M,Pithecia_pithecia,Cacajao_calvus,Cacajao_calvus
32,PD_0134,Alouatta,seniculus,0.03011522,M,Atele_fusciceps,Alouatta_seniculus,Alouatta_seniculus
33,PD_0135,Alouatta,macconnelli,0.04070027,F,Atele_fusciceps,Alouatta_macconnelli,Alouatta_macconnelli
34,PD_0136,Alouatta,seniculus,0.03302238,M,Atele_fusciceps,Alouatta_seniculus,Alouatta_seniculus
35,PD_0137,Alouatta,puruensis,0.11591378,M,Atele_fusciceps,Alouatta_puruensis,Alouatta_puruensis
36,PD_0139,Ateles,chamek,0.0187102,F,Atele_fusciceps,Ateles_chamek,Ateles_chamek
37,PD_0140,Ateles,chamek,0.01498307,F,Atele_fusciceps,Ateles_chamek,Ateles_chamek
38,PD_0142,Chiropotes,albinasus,0.06966901,M,Pithecia_pithecia,Chiropotes_albinasus,Chiropotes_albinasus
39,PD_0179,Gorilla,beringei,0.45289566,F,Gorilla_gorilla_gorilla,Gorilla_beringei,Gorilla_beringei
40,PD_0180,Gorilla,gorilla,0.02580565,F,Gorilla_gorilla_gorilla,Gorilla_gorilla_gorilla,Gorilla_gorilla_gorilla_pd
41,PD_0181,Gorilla,gorilla,0.00849382,F,Gorilla_gorilla_gorilla,Gorilla_gorilla_gorilla,Gorilla_gorilla_gorilla_pd
42,PD_0182,Gorilla,gorilla,0.08830979,F,Gorilla_gorilla_gorilla,Gorilla_gorilla_gorilla,Gorilla_gorilla_gorilla_pd
43,PD_0183,Gorilla,gorilla,0.02061859,F,Gorilla_gorilla_gorilla,Gorilla_gorilla_gorilla,Gorilla_gorilla_gorilla_pd
44,PD_0184,Gorilla,gorilla,0.00324192,M,Gorilla_gorilla_gorilla,Gorilla_gorilla_gorilla,Gorilla_gorilla_gorilla_pd
45,PD_0185,Gorilla,gorilla,0.00959607,F,Gorilla_gorilla_gorilla,Gorilla_gorilla_gorilla,Gorilla_gorilla_gorilla_pd
46,PD_0186,Gorilla,gorilla,0.01147638,F,Gorilla_gorilla_gorilla,Gorilla_gorilla_gorilla,Gorilla_gorilla_gorilla_pd
47,PD_0187,Gorilla,gorilla,0.00110225,F,Gorilla_gorilla_gorilla,Gorilla_gorilla_gorilla,Gorilla_gorilla_gorilla_pd
48,PD_0188,Gorilla,gorilla,0.01906247,F,Gorilla_gorilla_gorilla,Gorilla_gorilla_gorilla,Gorilla_gorilla_gorilla_pd
49,PD_0189,Gorilla,gorilla,0.00680802,F,Gorilla_gorilla_gorilla,Gorilla_gorilla_gorilla,Gorilla_gorilla_gorilla_pd
50,PD_0190,Gorilla,gorilla,0.01186541,F,Gorilla_gorilla_gorilla,Gorilla_gorilla_gorilla,Gorilla_gorilla_gorilla_pd
51,PD_0191,Gorilla,gorilla,0.02658371,M,Gorilla_gorilla_gorilla,Gorilla_gorilla_gorilla,Gorilla_gorilla_gorilla_pd
52,PD_0192,Gorilla,gorilla,0.01290283,M,Gorilla_gorilla_gorilla,Gorilla_gorilla_gorilla,Gorilla_gorilla_gorilla_pd
53,PD_0193,Gorilla,gorilla,0.05115743,F,Gorilla_gorilla_gorilla,Gorilla_gorilla_gorilla,Gorilla_gorilla_gorilla_pd
54,PD_0194,Gorilla,gorilla,0.01802505,F,Gorilla_gorilla_gorilla,Gorilla_gorilla_gorilla,Gorilla_gorilla_gorilla_pd
55,PD_0195,Gorilla,gorilla,0.01711732,F,Gorilla_gorilla_gorilla,Gorilla_gorilla_gorilla,Gorilla_gorilla_gorilla_pd
56,PD_0196,Gorilla,gorilla,0.03002014,F,Gorilla_gorilla_gorilla,Gorilla_gorilla_gorilla,Gorilla_gorilla_gorilla_pd
57,PD_0197,Gorilla,gorilla,0.01899763,M,Gorilla_gorilla_gorilla,Gorilla_gorilla_gorilla,Gorilla_gorilla_gorilla_pd
58,PD_0198,Gorilla,gorilla,0.02353631,M,Gorilla_gorilla_gorilla,Gorilla_gorilla_gorilla,Gorilla_gorilla_gorilla_pd
59,PD_0199,Papio,anubis,0.08056994,F,Papio_anubis,Papio_anubis,Papio_anubis
60,PD_0200,Papio,anubis,0.04785733,F,Papio_anubis,Papio_anubis,Papio_anubis
61,PD_0201,Papio,anubis,0.0286067,M,Papio_anubis,Papio_anubis,Papio_anubis
62,PD_0202,Papio,anubis,0.03365495,M,Papio_anubis,Papio_anubis,Papio_anubis
63,PD_0203,Papio,anubis,0.04772271,F,Papio_anubis,Papio_anubis,Papio_anubis
64,PD_0204,Papio,anubis,0.1361006,M,Papio_anubis,Papio_anubis,Papio_anubis
65,PD_0205,Papio,anubis,0.11530184,F,Papio_anubis,Papio_anubis,Papio_anubis
66,PD_0206,Papio,anubis,0.11005167,F,Papio_anubis,Papio_anubis,Papio_anubis
67,PD_0207,Papio,anubis,0.1115998,M,Papio_anubis,Papio_anubis,Papio_anubis
68,PD_0208,Papio,anubis,0.10298413,F,Papio_anubis,Papio_anubis,Papio_anubis
69,PD_0209,Papio,anubis,0.21788212,F,Papio_anubis,Papio_anubis,Papio_anubis
70,PD_0210,Papio,anubis,0.14505281,F,Papio_anubis,Papio_anubis,Papio_anubis
71,PD_0211,Papio,anubis,0.1340813,F,Papio_anubis,Papio_anubis,Papio_anubis
72,PD_0212,Papio,anubis,0.07424281,F,Papio_anubis,Papio_anubis,Papio_anubis
73,PD_0213,Papio,cynocephalus,0.06212703,F,Papio_anubis,Papio_cynocephalus,Papio_cynocephalus
74,PD_0214,Papio,cynocephalus,0.03991477,F,Papio_anubis,Papio_cynocephalus,Papio_cynocephalus
75,PD_0215,Papio,cynocephalus,0.03695313,M,Papio_anubis,Papio_cynocephalus,Papio_cynocephalus
76,PD_0216,Papio,cynocephalus,0.01278888,F,Papio_anubis,Papio_cynocephalus,Papio_cynocephalus
77,PD_0217,Papio,cynocephalus,0.01622168,M,Papio_anubis,Papio_cynocephalus,Papio_cynocephalus
78,PD_0218,Papio,anubis,0.10089753,M,Papio_anubis,Papio_anubis,Papio_anubis
79,PD_0219,Papio,anubis,0.08124304,F,Papio_anubis,Papio_anubis,Papio_anubis
80,PD_0220,Papio,anubis,0.11106132,M,Papio_anubis,Papio_anubis,Papio_anubis
81,PD_0221,Papio,anubis,0.08184883,F,Papio_anubis,Papio_anubis,Papio_anubis
82,PD_0222,Papio,anubis,0.07424281,F,Papio_anubis,Papio_anubis,Papio_anubis
83,PD_0223,Papio,cynocephalus,0.0755217,M,Papio_anubis,Papio_cynocephalus,Papio_cynocephalus
84,PD_0224,Papio,cynocephalus,0.03109717,F,Papio_anubis,Papio_cynocephalus,Papio_cynocephalus
85,PD_0225,Papio,cynocephalus,0.05283826,F,Papio_anubis,Papio_cynocephalus,Papio_cynocephalus
86,PD_0226,Papio,cynocephalus,0.06845416,F,Papio_anubis,Papio_cynocephalus,Papio_cynocephalus
87,PD_0227,Papio,cynocephalus,0.02463542,M,Papio_anubis,Papio_cynocephalus,Papio_cynocephalus
88,PD_0228,Papio,cynocephalus,0.04200137,M,Papio_anubis,Papio_cynocephalus,Papio_cynocephalus
89,PD_0229,Papio,cynocephalus,0.15784169,M,Papio_anubis,Papio_cynocephalus,Papio_cynocephalus
90,PD_0230,Papio,cynocephalus,0.05115552,M,Papio_anubis,Papio_cynocephalus,Papio_cynocephalus
91,PD_0231,Papio,cynocephalus,0.04348219,M,Papio_anubis,Papio_cynocephalus,Papio_cynocephalus
92,PD_0232,Papio,cynocephalus,0.04785733,F,Papio_anubis,Papio_cynocephalus,Papio_cynocephalus
93,PD_0233,Papio,cynocephalus,0.01083689,M,Papio_anubis,Papio_cynocephalus,Papio_cynocephalus
94,PD_0234,Papio,cynocephalus,0.0326453,M,Papio_anubis,Papio_cynocephalus,Papio_cynocephalus
95,PD_0235,Papio,cynocephalus,0.03803009,M,Papio_anubis,Papio_cynocephalus,Papio_cynocephalus
96,PD_0236,Papio,cynocephalus,0.0625982,M,Papio_anubis,Papio_cynocephalus,Papio_cynocephalus
97,PD_0237,Papio,cynocephalus,0.03634734,F,Papio_anubis,Papio_cynocephalus,Papio_cynocephalus
98,PD_0238,Papio,anubis,0.10379185,F,Papio_anubis,Papio_anubis,Papio_anubis
99,PD_0239,Papio,anubis,0.05835768,F,Papio_anubis,Papio_anubis,Papio_anubis
100,PD_0240,Papio,anubis,0.06037697,F,Papio_anubis,Papio_anubis,Papio_anubis
101,PD_0241,Papio,anubis,0.08393543,F,Papio_anubis,Papio_anubis,Papio_anubis
102,PD_0242,Papio,anubis,0.07491591,M,Papio_anubis,Papio_anubis,Papio_anubis
103,PD_0243,Papio,anubis,0.16363034,F,Papio_anubis,Papio_anubis,Papio_anubis
104,PD_0244,Papio,anubis,0.10244565,F,Papio_anubis,Papio_anubis,Papio_anubis
105,PD_0257,Pan,troglodytes,0.02056857,M,Pan_troglodytes,Pan_troglodytes,Pan_troglodytes_pd
106,PD_0258,Pan,troglodytes,0.02030402,F,Pan_troglodytes,Pan_troglodytes,Pan_troglodytes_pd
107,PD_0259,Pan,troglodytes,0.034788,F,Pan_troglodytes,Pan_troglodytes,Pan_troglodytes_pd
108,PD_0260,Gorilla,gorilla,0.00680802,F,Gorilla_gorilla_gorilla,Gorilla_gorilla_gorilla,Gorilla_gorilla_gorilla_pd
109,PD_0261,Macaca,mulatta,0.00487229,M,Macaca_mulatta,Macaca_mulatta,Macaca_mulatta
110,PD_0262,Pongo,pygmaeus,0.11510469,F,Pongo_abelii,Pongo_pygmaeus,
111,PD_0263,Pongo,abelii,0.0389555,F,Pongo_abelii,Pongo_abelii,
112,PD_0264,Gorilla,gorilla,0.01361605,F,Gorilla_gorilla_gorilla,Gorilla_gorilla_gorilla,Gorilla_gorilla_gorilla_pd
113,PD_0265,Papio,anubis,0.08116629,F,Papio_anubis,Papio_anubis,Papio_anubis
114,PD_0266,Papio,anubis,0.07001522,M,Papio_anubis,Papio_anubis,Papio_anubis
115,PD_0267,Papio,anubis,0.13617825,M,Papio_anubis,Papio_anubis,Papio_anubis
116,PD_0268,Papio,cynocephalus,0.0327774,M,Papio_anubis,Papio_cynocephalus,Papio_cynocephalus
117,PD_0269,Papio,cynocephalus,0.04683451,M,Papio_anubis,Papio_cynocephalus,Papio_cynocephalus
118,PD_0270,Papio,cynocephalus,0.02047742,F,Papio_anubis,Papio_cynocephalus,Papio_cynocephalus
119,PD_0271,Papio,cynocephalus,0.03358838,F,Papio_anubis,Papio_cynocephalus,Papio_cynocephalus
120,PD_0272,Papio,cynocephalus,0.01047525,F,Papio_anubis,Papio_cynocephalus,Papio_cynocephalus
121,PD_0286,Aotus,vociferans,0.00859638,M,Aotus_nancymaae,Aotus_vociferans,Aotus_vociferans
122,PD_0288,Cheracebus,lucifer,0.0,F,Pithecia_pithecia,Cheracebus_lucifer,Cheracebus_lucifer
123,PD_0289,Cacajao,calvus,0.03005762,M,Pithecia_pithecia,Cacajao_calvus,Cacajao_calvus
124,PD_0290,Cacajao,calvus,0.08370569,M,Pithecia_pithecia,Cacajao_calvus,Cacajao_calvus
125,PD_0291,Cacajao,calvus,0.0387295,F,Pithecia_pithecia,Cacajao_calvus,Cacajao_calvus
126,PD_0292,Cacajao,calvus,0.11721737,F,Pithecia_pithecia,Cacajao_calvus,Cacajao_calvus
127,PD_0297,Alouatta,seniculus,0.05590697,F,Atele_fusciceps,Alouatta_seniculus,Alouatta_seniculus
128,PD_0298,Alouatta,seniculus,0.03384235,M,Atele_fusciceps,Alouatta_seniculus,Alouatta_seniculus
129,PD_0300,Ateles,chamek,0.02079739,M,Atele_fusciceps,Ateles_chamek,Ateles_chamek
130,PD_0301,Ateles,chamek,0.01789023,M,Atele_fusciceps,Ateles_chamek,Ateles_chamek
131,PD_0302,Ateles,chamek,0.04584371,M,Atele_fusciceps,Ateles_chamek,Ateles_chamek
132,PD_0303,Ateles,chamek,0.02579175,M,Atele_fusciceps,Ateles_chamek,Ateles_chamek
133,PD_0304,Ateles,paniscus,0.03414052,M,Atele_fusciceps,Ateles_paniscus,Ateles_paniscus
134,PD_0305,Ateles,chamek,0.0,F,Atele_fusciceps,Ateles_chamek,Ateles_chamek
135,PD_0306,Cacajao,calvus,0.08061909,M,Pithecia_pithecia,Cacajao_calvus,Cacajao_calvus
136,PD_0307,Cacajao,calvus,0.10259276,M,Pithecia_pithecia,Cacajao_calvus,Cacajao_calvus
137,PD_0308,Cacajao,calvus,0.07878183,M,Pithecia_pithecia,Cacajao_calvus,Cacajao_calvus
138,PD_0310,Cebus,unicolor,0.04654816,F,Cebus_albifrons,Cebus_unicolor,Cebus_unicolor
139,PD_0311,Cebus,unicolor,0.0434867,F,Cebus_albifrons,Cebus_unicolor,Cebus_unicolor
140,PD_0312,Cheracebus,lucifer,0.05452996,F,Pithecia_pithecia,Cheracebus_lucifer,Cheracebus_lucifer
141,PD_0313,Cheracebus,lucifer,0.01785819,F,Pithecia_pithecia,Cheracebus_lucifer,Cheracebus_lucifer
142,PD_0314,Cheracebus,lucifer,0.03005762,M,Pithecia_pithecia,Cheracebus_lucifer,Cheracebus_lucifer
143,PD_0315,Cheracebus,lugens,0.02300253,M,Pithecia_pithecia,Cheracebus_lugens,Cheracebus_lugens
144,PD_0316,Cheracebus,lugens,0.02307602,M,Pithecia_pithecia,Cheracebus_lugens,Cheracebus_lugens
145,PD_0317,Cheracebus,lugens,0.02190017,F,Pithecia_pithecia,Cheracebus_lugens,Cheracebus_lugens
146,PD_0318,Cheracebus,lugens,0.20856608,M,Pithecia_pithecia,Cheracebus_lugens,Cheracebus_lugens
147,PD_0319,Cheracebus,lugens,0.00213122,F,Pithecia_pithecia,Cheracebus_lugens,Cheracebus_lugens
148,PD_0320,Cheracebus,lugens,0.0526927,F,Pithecia_pithecia,Cheracebus_lugens,Cheracebus_lugens
149,PD_0321,Cheracebus,lugens,0.00117585,M,Pithecia_pithecia,Cheracebus_lugens,Cheracebus_lugens
150,PD_0323,Chiropotes,albinasus,0.06312835,M,Pithecia_pithecia,Chiropotes_albinasus,Chiropotes_albinasus
151,PD_0324,Chiropotes,albinasus,0.12735906,F,Pithecia_pithecia,Chiropotes_albinasus,Chiropotes_albinasus
152,PD_0325,Chiropotes,albinasus,0.03196837,M,Pithecia_pithecia,Chiropotes_albinasus,Chiropotes_albinasus
153,PD_0326,Chiropotes,israelita,0.01616791,F,Pithecia_pithecia,Chiropotes_israelita,Chiropotes_israelita
154,PD_0327,Chiropotes,israelita,0.13742726,M,Pithecia_pithecia,Chiropotes_israelita,Chiropotes_israelita
155,PD_0328,Chiropotes,israelita,0.0859839,F,Pithecia_pithecia,Chiropotes_israelita,Chiropotes_israelita
156,PD_0329,Chiropotes,sagulatus,0.03975837,F,Pithecia_pithecia,Chiropotes_sagulatus,Chiropotes_sagulatus
157,PD_0330,Chiropotes,sagulatus,0.09517021,F,Pithecia_pithecia,Chiropotes_sagulatus,Chiropotes_sagulatus
158,PD_0338,Plecturocebus,cupreus,0.09928568,M,Pithecia_pithecia,Plecturocebus_cupreus,Plecturocebus_cupreus
159,PD_0339,Plecturocebus,cupreus,0.077459,M,Pithecia_pithecia,Plecturocebus_cupreus,Plecturocebus_cupreus
160,PD_0340,Plecturocebus,cupreus,0.02447234,M,Pithecia_pithecia,Plecturocebus_cupreus,Plecturocebus_cupreus
161,PD_0341,Plecturocebus,cupreus,0.16880771,F,Pithecia_pithecia,Plecturocebus_cupreus,Plecturocebus_cupreus
162,PD_0345,Chiropotes,albinasus,0.03608384,F,Pithecia_pithecia,Chiropotes_albinasus,Chiropotes_albinasus
163,PD_0353,Saimiri,cassiquiarensis,0.2798456,F,Cebus_albifrons,Saimiri_cassiquiarensis,Saimiri_cassiquiarensis
164,PD_0354,Saimiri,cassiquiarensis,0.0356243,M,Cebus_albifrons,Saimiri_cassiquiarensis,Saimiri_cassiquiarensis
165,PD_0355,Saimiri,cassiquiarensis,0.09434874,M,Cebus_albifrons,Saimiri_cassiquiarensis,Saimiri_cassiquiarensis
166,PD_0356,Saimiri,cassiquiarensis,0.04940089,F,Cebus_albifrons,Saimiri_cassiquiarensis,Saimiri_cassiquiarensis
167,PD_0357,Saimiri,cassiquiarensis,0.0715965,M,Cebus_albifrons,Saimiri_cassiquiarensis,Saimiri_cassiquiarensis
168,PD_0358,Saimiri,cassiquiarensis,0.07834563,M,Cebus_albifrons,Saimiri_cassiquiarensis,Saimiri_cassiquiarensis
169,PD_0359,Saimiri,cassiquiarensis,0.03708546,M,Cebus_albifrons,Saimiri_cassiquiarensis,Saimiri_cassiquiarensis
170,PD_0360,Saimiri,cassiquiarensis,0.0594898,M,Cebus_albifrons,Saimiri_cassiquiarensis,Saimiri_cassiquiarensis
171,PD_0363,Saimiri,ustus,0.04752226,M,Cebus_albifrons,Saimiri_ustus,Saimiri_ustus
172,PD_0366,Saimiri,ustus,0.01036723,M,Cebus_albifrons,Saimiri_ustus,Saimiri_ustus
173,PD_0367,Saimiri,ustus,0.02170856,F,Cebus_albifrons,Saimiri_ustus,Saimiri_ustus
174,PD_0368,Saimiri,ustus,0.07980679,M,Cebus_albifrons,Saimiri_ustus,Saimiri_ustus
175,PD_0369,Saimiri,ustus,0.01593353,F,Cebus_albifrons,Saimiri_ustus,Saimiri_ustus
176,PD_0370,Saimiri,ustus,0.02435255,M,Cebus_albifrons,Saimiri_ustus,Saimiri_ustus
177,PD_0371,Saimiri,ustus,0.00382683,M,Cebus_albifrons,Saimiri_ustus,Saimiri_ustus
178,PD_0373,Saimiri,cassiquiarensis,0.01363743,M,Cebus_albifrons,Saimiri_cassiquiarensis,Saimiri_cassiquiarensis
179,PD_0374,Saimiri,ustus,0.0130808,M,Cebus_albifrons,Saimiri_ustus,Saimiri_ustus
180,PD_0375,Saimiri,ustus,0.03576346,M,Cebus_albifrons,Saimiri_ustus,Saimiri_ustus
181,PD_0378,Sapajus,macrocephalus,0.05715436,M,Sapajus_apella,Sapajus_macrocephalus,Sapajus_macrocephalus
182,PD_0379,Sapajus,macrocephalus,0.01215435,F,Sapajus_apella,Sapajus_macrocephalus,Sapajus_macrocephalus
183,PD_0381,Sapajus,macrocephalus,0.06069938,M,Sapajus_apella,Sapajus_macrocephalus,Sapajus_macrocephalus
184,PD_0382,Sapajus,macrocephalus,0.2527091,F,Sapajus_apella,Sapajus_macrocephalus,Sapajus_macrocephalus
185,PD_0383,Sapajus,macrocephalus,0.017291,M,Sapajus_apella,Sapajus_macrocephalus,Sapajus_macrocephalus
186,PD_0384,Sapajus,macrocephalus,0.08486338,M,Sapajus_apella,Sapajus_macrocephalus,Sapajus_macrocephalus
187,PD_0385,Sapajus,macrocephalus,0.02177654,M,Sapajus_apella,Sapajus_macrocephalus,Sapajus_macrocephalus
188,PD_0386,Sapajus,macrocephalus,0.04326368,M,Sapajus_apella,Sapajus_macrocephalus,Sapajus_macrocephalus
189,PD_0387,Sapajus,macrocephalus,0.02922831,F,Sapajus_apella,Sapajus_macrocephalus,Sapajus_macrocephalus
190,PD_0388,Sapajus,macrocephalus,0.11235535,M,Sapajus_apella,Sapajus_macrocephalus,Sapajus_macrocephalus
191,PD_0389,Sapajus,macrocephalus,0.02604503,M,Sapajus_apella,Sapajus_macrocephalus,Sapajus_macrocephalus
192,PD_0390,Papio,papio,0.18550606,F,Papio_anubis,Papio_papio,Papio_papio
193,PD_0391,Papio,papio,0.28842288,F,Papio_anubis,Papio_papio,Papio_papio
194,PD_0392,Papio,papio,0.14444703,F,Papio_anubis,Papio_papio,Papio_papio
195,PD_0393,Papio,papio,0.15737052,F,Papio_anubis,Papio_papio,Papio_papio
196,PD_0394,Papio,papio,0.13865837,F,Papio_anubis,Papio_papio,Papio_papio
197,PD_0395,Papio,papio,0.15952444,M,Papio_anubis,Papio_papio,Papio_papio
198,PD_0396,Papio,papio,0.1374468,M,Papio_anubis,Papio_papio,Papio_papio
199,PD_0397,Papio,papio,0.17588074,M,Papio_anubis,Papio_papio,Papio_papio
200,PD_0398,Papio,papio,0.15683204,M,Papio_anubis,Papio_papio,Papio_papio
201,PD_0399,Papio,papio,0.21936293,M,Papio_anubis,Papio_papio,Papio_papio
202,PD_0400,Papio,papio,0.12782148,M,Papio_anubis,Papio_papio,Papio_papio
203,PD_0401,Papio,papio,0.17776542,M,Papio_anubis,Papio_papio,Papio_papio
204,PD_0406,Cercopithecus,ascanius,0.00565684,M,Cercopithecus_mitis,Cercopithecus_ascanius,Cercopithecus_ascanius
205,PD_0409,Chiropotes,albinasus,0.03909695,F,Pithecia_pithecia,Chiropotes_albinasus,Chiropotes_albinasus
206,PD_0410,Cercopithecus,ascanius,0.0139631,F,Cercopithecus_mitis,Cercopithecus_ascanius,Cercopithecus_ascanius
207,PD_0412,Alouatta,seniculus,0.01967925,M,Atele_fusciceps,Alouatta_seniculus,Alouatta_seniculus
208,PD_0413,Alouatta,seniculus,0.01386493,M,Atele_fusciceps,Alouatta_seniculus,Alouatta_seniculus
209,PD_0414,Alouatta,seniculus,0.0808042,M,Atele_fusciceps,Alouatta_seniculus,Alouatta_seniculus
210,PD_0416,Alouatta,macconnelli,0.01520669,F,Atele_fusciceps,Alouatta_macconnelli,Alouatta_macconnelli
211,PD_0417,Alouatta,macconnelli,0.05680148,M,Atele_fusciceps,Alouatta_macconnelli,Alouatta_macconnelli
212,PD_0418,Alouatta,seniculus,0.02772986,F,Atele_fusciceps,Alouatta_seniculus,Alouatta_seniculus
213,PD_0419,Alouatta,puruensis,0.14535811,M,Atele_fusciceps,Alouatta_puruensis,Alouatta_puruensis
214,PD_0422,Alouatta,seniculus,0.02430089,F,Atele_fusciceps,Alouatta_seniculus,Alouatta_seniculus
215,PD_0423,Alouatta,seniculus,0.016623,M,Atele_fusciceps,Alouatta_seniculus,Alouatta_seniculus
216,PD_0424,Alouatta,seniculus,0.02035014,M,Atele_fusciceps,Alouatta_seniculus,Alouatta_seniculus
217,PD_0425,Alouatta,seniculus,0.02146827,F,Atele_fusciceps,Alouatta_seniculus,Alouatta_seniculus
218,PD_0426,Alouatta,puruensis,0.01289587,M,Atele_fusciceps,Alouatta_puruensis,Alouatta_puruensis
219,PD_0427,Pan,troglodytes,0.31415022,M,Pan_troglodytes,Pan_troglodytes,Pan_troglodytes_pd
220,PD_0428,Alouatta,seniculus,0.05478883,F,Atele_fusciceps,Alouatta_seniculus,Alouatta_seniculus
221,PD_0429,Alouatta,puruensis,0.0,M,Atele_fusciceps,Alouatta_puruensis,Alouatta_puruensis
222,PD_0430,Alouatta,puruensis,0.08445679,F,Atele_fusciceps,Alouatta_puruensis,Alouatta_puruensis
223,PD_0431,Ateles,chamek,0.02713351,F,Atele_fusciceps,Ateles_chamek,Ateles_chamek
224,PD_0432,Ateles,chamek,0.02444998,F,Atele_fusciceps,Ateles_chamek,Ateles_chamek
225,PD_0433,Ateles,chamek,0.03145699,F,Atele_fusciceps,Ateles_chamek,Ateles_chamek
226,PD_0434,Cacajao,calvus,0.13037217,M,Pithecia_pithecia,Cacajao_calvus,Cacajao_calvus
227,PD_0435,Cacajao,calvus,0.06944853,M,Pithecia_pithecia,Cacajao_calvus,Cacajao_calvus
228,PD_0436,Cacajao,calvus,0.3664237,F,Pithecia_pithecia,Cacajao_calvus,Cacajao_calvus
229,PD_0437,Cacajao,calvus,0.07150627,M,Pithecia_pithecia,Cacajao_calvus,Cacajao_calvus
230,PD_0533,Macaca,arctoides,0.00385723,F,Macaca_mulatta,Macaca_arctoides,Macaca_arctoides
231,PD_0534,Macaca,arctoides,0.09514495,M,Macaca_mulatta,Macaca_arctoides,Macaca_arctoides
232,PD_0535,Macaca,arctoides,0.32014989,F,Macaca_mulatta,Macaca_arctoides,Macaca_arctoides
233,PD_0536,Macaca,arctoides,0.15070256,M,Macaca_mulatta,Macaca_arctoides,Macaca_arctoides
234,PD_0538,Macaca,fascicularis,0.05440721,M,Macaca_mulatta,Macaca_fascicularis,Macaca_fascicularis
235,PD_0539,Macaca,fascicularis,0.05359516,M,Macaca_mulatta,Macaca_fascicularis,Macaca_fascicularis
236,PD_0540,Macaca,leonina,0.03309095,M,Macaca_mulatta,Macaca_leonina,Macaca_leonina
237,PD_0541,Macaca,leonina,0.0373542,F,Macaca_mulatta,Macaca_leonina,Macaca_leonina
238,PD_0542,Macaca,leonina,0.04804617,F,Macaca_mulatta,Macaca_leonina,Macaca_leonina
239,PD_0543,Macaca,leonina,0.00466928,F,Macaca_mulatta,Macaca_leonina,Macaca_leonina
240,PD_0544,Macaca,leonina,0.01542891,M,Macaca_mulatta,Macaca_leonina,Macaca_leonina
241,PD_0545,Macaca,leonina,0.0,F,Macaca_mulatta,Macaca_leonina,Macaca_leonina
242,PD_0546,Macaca,mulatta,0.07213692,M,Macaca_mulatta,Macaca_mulatta,Macaca_mulatta
243,PD_0547,Macaca,mulatta,0.0818815,M,Macaca_mulatta,Macaca_mulatta,Macaca_mulatta
244,PD_0548,Macaca,mulatta,0.06286604,M,Macaca_mulatta,Macaca_mulatta,Macaca_mulatta
245,PD_0549,Macaca,mulatta,0.101709,M,Macaca_mulatta,Macaca_mulatta,Macaca_mulatta
246,PD_0550,Macaca,mulatta,0.03640682,M,Macaca_mulatta,Macaca_mulatta,Macaca_mulatta
247,PD_0551,Macaca,mulatta,0.05704637,M,Macaca_mulatta,Macaca_mulatta,Macaca_mulatta
248,PD_0552,Macaca,radiata,0.0650315,F,Macaca_mulatta,Macaca_radiata,Macaca_radiata
249,PD_0553,Macaca,radiata,0.11842366,M,Macaca_mulatta,Macaca_radiata,Macaca_radiata
250,PD_0554,Macaca,radiata,0.11301,M,Macaca_mulatta,Macaca_radiata,Macaca_radiata
251,PD_0555,Macaca,radiata,0.07707688,M,Macaca_mulatta,Macaca_radiata,Macaca_radiata
252,PD_0556,Macaca,radiata,0.03099316,F,Macaca_mulatta,Macaca_radiata,Macaca_radiata
253,PD_0557,Macaca,radiata,0.10759635,F,Macaca_mulatta,Macaca_radiata,Macaca_radiata
254,PD_0558,Macaca,radiata,0.22087703,M,Macaca_mulatta,Macaca_radiata,Macaca_radiata
255,PD_0559,Macaca,radiata,0.03106083,F,Macaca_mulatta,Macaca_radiata,Macaca_radiata
256,PD_0560,Macaca,radiata,0.05569295,M,Macaca_mulatta,Macaca_radiata,Macaca_radiata
257,PD_0561,Macaca,radiata,0.12194253,F,Macaca_mulatta,Macaca_radiata,Macaca_radiata
258,PD_0562,Macaca,radiata,0.27656999,M,Macaca_mulatta,Macaca_radiata,Macaca_radiata
259,PD_0563,Macaca,radiata,0.06415179,M,Macaca_mulatta,Macaca_radiata,Macaca_radiata
260,PD_0564,Macaca,radiata,0.05481323,M,Macaca_mulatta,Macaca_radiata,Macaca_radiata
261,PD_0565,Macaca,silenus,0.03972268,M,Macaca_mulatta,Macaca_silenus,Macaca_silenus
262,PD_0566,Macaca,silenus,0.08296423,M,Macaca_mulatta,Macaca_silenus,Macaca_silenus
263,PD_0567,Macaca,silenus,0.04533934,M,Macaca_mulatta,Macaca_silenus,Macaca_silenus
264,PD_0568,Macaca,silenus,0.06212167,M,Macaca_mulatta,Macaca_silenus,Macaca_silenus
265,PD_0569,Macaca,silenus,0.0,F,Macaca_mulatta,Macaca_silenus,Macaca_silenus
266,PD_0570,Macaca,silenus,0.07497909,F,Macaca_mulatta,Macaca_silenus,Macaca_silenus
267,PD_0571,Macaca,silenus,0.11267165,F,Macaca_mulatta,Macaca_silenus,Macaca_silenus
268,PD_0572,Macaca,silenus,0.12715317,F,Macaca_mulatta,Macaca_silenus,Macaca_silenus
269,PD_0573,Macaca,silenus,0.01705301,F,Macaca_mulatta,Macaca_silenus,Macaca_silenus
270,PD_0574,Macaca,silenus,0.31338283,M,Macaca_mulatta,Macaca_silenus,Macaca_silenus
271,PD_0575,Macaca,silenus,0.37009084,F,Macaca_mulatta,Macaca_silenus,Macaca_silenus
272,PD_0576,Macaca,silenus,0.4557619,M,Macaca_mulatta,Macaca_silenus,Macaca_silenus
273,PD_0577,Macaca,silenus,0.26229148,F,Macaca_mulatta,Macaca_silenus,Macaca_silenus
274,PD_0578,Nycticebus,bengalensis,0.25401926,M,Nycticebus_pygmaeus,Nycticebus_bengalensis,Nycticebus_bengalensis
275,PD_0579,Nycticebus,bengalensis,0.27396175,F,Nycticebus_pygmaeus,Nycticebus_bengalensis,Nycticebus_bengalensis
276,PD_0580,Nycticebus,bengalensis,0.27134518,F,Nycticebus_pygmaeus,Nycticebus_bengalensis,Nycticebus_bengalensis
277,PD_0581,Nycticebus,bengalensis,0.26208111,M,Nycticebus_pygmaeus,Nycticebus_bengalensis,Nycticebus_bengalensis
278,PD_0582,Semnopithecus,entellus,0.00579241,F,Rhinopithecus_roxellana,Semnopithecus_entellus,Semnopithecus_entellus
279,PD_0583,Semnopithecus,entellus,0.06641521,F,Rhinopithecus_roxellana,Semnopithecus_entellus,Semnopithecus_entellus
280,PD_0584,Semnopithecus,entellus,0.0666785,F,Rhinopithecus_roxellana,Semnopithecus_entellus,Semnopithecus_entellus
281,PD_0585,Semnopithecus,entellus,0.17146841,M,Rhinopithecus_roxellana,Semnopithecus_entellus,Semnopithecus_entellus
282,PD_0586,Semnopithecus,entellus,0.16837474,M,Rhinopithecus_roxellana,Semnopithecus_entellus,Semnopithecus_entellus
283,PD_0587,Semnopithecus,entellus,0.29955959,F,Rhinopithecus_roxellana,Semnopithecus_entellus,Semnopithecus_entellus
284,PD_0588,Semnopithecus,entellus,0.08175193,M,Rhinopithecus_roxellana,Semnopithecus_entellus,Semnopithecus_entellus
285,PD_0589,Semnopithecus,hypoleucos,0.17153423,M,Rhinopithecus_roxellana,Semnopithecus_hypoleucos,Semnopithecus_hypoleucos
286,PD_0590,Semnopithecus,hypoleucos,0.13032916,M,Rhinopithecus_roxellana,Semnopithecus_hypoleucos,Semnopithecus_hypoleucos
287,PD_0591,Semnopithecus,hypoleucos,0.05180255,M,Rhinopithecus_roxellana,Semnopithecus_hypoleucos,Semnopithecus_hypoleucos
288,PD_0592,Semnopithecus,hypoleucos,0.04824812,M,Rhinopithecus_roxellana,Semnopithecus_hypoleucos,Semnopithecus_hypoleucos
289,PD_0692,Papio,ursinus,0.07673328,M,Papio_anubis,Papio_ursinus,Papio_ursinus
290,PD_0693,Papio,ursinus,0.03203951,F,Papio_anubis,Papio_ursinus,Papio_ursinus
291,PD_0694,Papio,ursinus,0.0503478,F,Papio_anubis,Papio_ursinus,Papio_ursinus
292,PD_0695,Papio,ursinus,0.04213599,F,Papio_anubis,Papio_ursinus,Papio_ursinus
293,PD_0696,Papio,hamadryas,0.06502135,M,Papio_anubis,Papio_hamadryas,Papio_hamadryas
294,PD_0697,Papio,hamadryas,0.0319722,M,Papio_anubis,Papio_hamadryas,Papio_hamadryas
295,PD_0698,Papio,hamadryas,0.03325109,F,Papio_anubis,Papio_hamadryas,Papio_hamadryas
296,PD_0699,Papio,hamadryas,0.16618812,M,Papio_anubis,Papio_hamadryas,Papio_hamadryas
297,PD_0700,Papio,hamadryas,0.05182862,F,Papio_anubis,Papio_hamadryas,Papio_hamadryas
298,PD_0701,Papio,hamadryas,0.08992601,F,Papio_anubis,Papio_hamadryas,Papio_hamadryas
299,PD_0702,Papio,hamadryas,0.08252193,M,Papio_anubis,Papio_hamadryas,Papio_hamadryas
300,PD_0703,Papio,hamadryas,0.06912726,M,Papio_anubis,Papio_hamadryas,Papio_hamadryas
301,PD_0704,Papio,hamadryas,0.10453226,M,Papio_anubis,Papio_hamadryas,Papio_hamadryas
302,PD_0705,Papio,hamadryas,0.0510209,M,Papio_anubis,Papio_hamadryas,Papio_hamadryas
303,PD_0706,Papio,hamadryas,0.05997311,M,Papio_anubis,Papio_hamadryas,Papio_hamadryas
304,PD_0707,Papio,hamadryas,0.06798299,M,Papio_anubis,Papio_hamadryas,Papio_hamadryas
305,PD_0708,Papio,hamadryas,0.09833975,F,Papio_anubis,Papio_hamadryas,Papio_hamadryas
306,PD_0709,Papio,hamadryas,0.08016608,M,Papio_anubis,Papio_hamadryas,Papio_hamadryas
307,PD_0710,Papio,hamadryas,0.07040615,F,Papio_anubis,Papio_hamadryas,Papio_hamadryas
308,PD_0711,Papio,hamadryas,0.06704065,M,Papio_anubis,Papio_hamadryas,Papio_hamadryas
309,PD_0712,Papio,hamadryas,0.07464667,M,Papio_anubis,Papio_hamadryas,Papio_hamadryas
310,PD_0713,Papio,hamadryas,0.08750286,M,Papio_anubis,Papio_hamadryas,Papio_hamadryas
311,PD_0714,Papio,hamadryas,0.15003375,M,Papio_anubis,Papio_hamadryas,Papio_hamadryas
312,PD_0715,Papio,hamadryas,0.10742659,M,Papio_anubis,Papio_hamadryas,Papio_hamadryas
313,PD_0716,Papio,hamadryas,0.05519411,M,Papio_anubis,Papio_hamadryas,Papio_hamadryas
314,PD_0717,Papio,hamadryas,0.03520307,M,Papio_anubis,Papio_hamadryas,Papio_hamadryas
315,PD_0718,Papio,hamadryas,0.05687686,M,Papio_anubis,Papio_hamadryas,Papio_hamadryas
316,PD_0719,Papio,hamadryas,0.05129014,M,Papio_anubis,Papio_hamadryas,Papio_hamadryas
317,PD_0720,Papio,anubis,0.01992373,M,Papio_anubis,Papio_anubis,Papio_anubis
318,PD_0721,Papio,anubis,0.02611624,F,Papio_anubis,Papio_anubis,Papio_anubis
319,PD_0722,Papio,anubis,0.00242316,M,Papio_anubis,Papio_anubis,Papio_anubis
320,PD_0723,Papio,anubis,0.01029841,M,Papio_anubis,Papio_anubis,Papio_anubis
321,PD_0724,Papio,anubis,0.03203951,F,Papio_anubis,Papio_anubis,Papio_anubis
322,PD_0725,Papio,anubis,0.05021318,M,Papio_anubis,Papio_anubis,Papio_anubis
323,PD_0726,Papio,anubis,0.00895222,F,Papio_anubis,Papio_anubis,Papio_anubis
324,PD_0727,Papio,anubis,0.03136641,M,Papio_anubis,Papio_anubis,Papio_anubis
325,PD_0728,Papio,anubis,0.01716402,M,Papio_anubis,Papio_anubis,Papio_anubis
326,PD_0729,Papio,anubis,0.02201033,M,Papio_anubis,Papio_anubis,Papio_anubis
327,PD_0730,Papio,anubis,0.03385687,F,Papio_anubis,Papio_anubis,Papio_anubis
328,PD_0731,Papio,anubis,0.00888491,M,Papio_anubis,Papio_anubis,Papio_anubis
329,PD_0732,Papio,anubis,0.03924167,M,Papio_anubis,Papio_anubis,Papio_anubis
330,PD_0733,Papio,anubis,0.04738616,M,Papio_anubis,Papio_anubis,Papio_anubis
331,PD_0734,Papio,anubis,0.03109717,M,Papio_anubis,Papio_anubis,Papio_anubis
332,PD_0735,Papio,anubis,0.01386584,M,Papio_anubis,Papio_anubis,Papio_anubis
333,PD_0736,Papio,anubis,0.02100069,F,Papio_anubis,Papio_anubis,Papio_anubis
334,PD_0737,Papio,anubis,0.01299081,F,Papio_anubis,Papio_anubis,Papio_anubis
335,PD_0738,Papio,anubis,0.05250171,F,Papio_anubis,Papio_anubis,Papio_anubis
336,PD_0739,Papio,anubis,0.02779898,M,Papio_anubis,Papio_anubis,Papio_anubis
337,PD_0740,Papio,anubis,0.02914518,M,Papio_anubis,Papio_anubis,Papio_anubis
338,PD_0741,Papio,anubis,0.0177025,M,Papio_anubis,Papio_anubis,Papio_anubis
339,PD_0742,Papio,anubis,0.04193406,M,Papio_anubis,Papio_anubis,Papio_anubis
340,PD_0743,Papio,anubis,0.06704065,M,Papio_anubis,Papio_anubis,Papio_anubis
341,PD_0744,Papio,anubis,0.02261612,F,Papio_anubis,Papio_anubis,Papio_anubis
342,PD_0745,Papio,cynocephalus,0.02174109,F,Papio_anubis,Papio_cynocephalus,Papio_cynocephalus
343,PD_0746,Papio,cynocephalus,0.0231546,M,Papio_anubis,Papio_cynocephalus,Papio_cynocephalus
344,PD_0747,Papio,cynocephalus,0.02362577,M,Papio_anubis,Papio_cynocephalus,Papio_cynocephalus
345,PD_0748,Papio,cynocephalus,0.03587617,M,Papio_anubis,Papio_cynocephalus,Papio_cynocephalus
346,PD_0749,Papio,kindae,0.01642361,M,Papio_anubis,Papio_kindae,Papio_kindae
347,PD_0750,Papio,kindae,0.04469377,M,Papio_anubis,Papio_kindae,Papio_kindae
348,PD_0751,Papio,kindae,0.03715506,M,Papio_anubis,Papio_kindae,Papio_kindae
349,PD_0752,Papio,cynocephalus,0.02887594,M,Papio_anubis,Papio_cynocephalus,Papio_cynocephalus
350,PD_0753,Papio,cynocephalus,0.02429887,M,Papio_anubis,Papio_cynocephalus,Papio_cynocephalus
351,PD_0754,Papio,cynocephalus,0.03580886,F,Papio_anubis,Papio_cynocephalus,Papio_cynocephalus
352,PD_0755,Papio,cynocephalus,0.01898139,M,Papio_anubis,Papio_cynocephalus,Papio_cynocephalus
353,PD_0756,Papio,cynocephalus,0.02120262,M,Papio_anubis,Papio_cynocephalus,Papio_cynocephalus
354,PD_0757,Papio,cynocephalus,0.0177025,M,Papio_anubis,Papio_cynocephalus,Papio_cynocephalus
355,PD_0758,Papio,kindae,0.0544537,M,Papio_anubis,Papio_kindae,Papio_kindae
356,PD_0759,Papio,kindae,0.0203949,M,Papio_anubis,Papio_kindae,Papio_kindae
357,PD_0760,Papio,kindae,0.03621272,F,Papio_anubis,Papio_kindae,Papio_kindae
358,PD_0761,Papio,cynocephalus,0.01110613,M,Papio_anubis,Papio_cynocephalus,Papio_cynocephalus
359,PD_0762,Papio,cynocephalus,0.03251068,M,Papio_anubis,Papio_cynocephalus,Papio_cynocephalus
360,PD_0763,Papio,cynocephalus,0.0367512,M,Papio_anubis,Papio_cynocephalus,Papio_cynocephalus
361,PD_0764,Papio,cynocephalus,0.04206868,M,Papio_anubis,Papio_cynocephalus,Papio_cynocephalus
362,PD_0765,Papio,cynocephalus,0.06131931,F,Papio_anubis,Papio_cynocephalus,Papio_cynocephalus
363,PD_0766,Papio,cynocephalus,0.03177027,M,Papio_anubis,Papio_cynocephalus,Papio_cynocephalus
364,PD_0767,Papio,cynocephalus,0.02867401,M,Papio_anubis,Papio_cynocephalus,Papio_cynocephalus
365,PD_0768,Papio,cynocephalus,0.02214495,M,Papio_anubis,Papio_cynocephalus,Papio_cynocephalus
366,PD_0769,Papio,cynocephalus,0.02880863,F,Papio_anubis,Papio_cynocephalus,Papio_cynocephalus
367,PD_0770,Papio,cynocephalus,0.03574155,F,Papio_anubis,Papio_cynocephalus,Papio_cynocephalus
368,PD_0771,Papio,cynocephalus,0.03776085,M,Papio_anubis,Papio_cynocephalus,Papio_cynocephalus
369,PD_0772,Papio,cynocephalus,0.01736595,F,Papio_anubis,Papio_cynocephalus,Papio_cynocephalus
370,PD_0773,Papio,cynocephalus,0.02867401,F,Papio_anubis,Papio_cynocephalus,Papio_cynocephalus
371,PD_0774,Papio,cynocephalus,0.04031862,F,Papio_anubis,Papio_cynocephalus,Papio_cynocephalus
372,PD_0775,Papio,cynocephalus,0.0122504,M,Papio_anubis,Papio_cynocephalus,Papio_cynocephalus
373,PD_0776,Papio,kindae,0.01649092,M,Papio_anubis,Papio_kindae,Papio_kindae
374,PD_0777,Papio,kindae,0.04745347,M,Papio_anubis,Papio_kindae,Papio_kindae
375,PD_0778,Papio,kindae,0.066031,M,Papio_anubis,Papio_kindae,Papio_kindae
376,PD_0779,Papio,kindae,0.03930898,M,Papio_anubis,Papio_kindae,Papio_kindae
377,PD_0780,Papio,kindae,0.08831058,M,Papio_anubis,Papio_kindae,Papio_kindae
378,PD_0781,Papio,kindae,0.08817596,F,Papio_anubis,Papio_kindae,Papio_kindae
379,PD_0782,Papio,kindae,0.02544314,M,Papio_anubis,Papio_kindae,Papio_kindae
380,PD_0783,Papio,kindae,0.05903077,M,Papio_anubis,Papio_kindae,Papio_kindae
381,PD_0784,Papio,kindae,0.05081897,M,Papio_anubis,Papio_kindae,Papio_kindae
382,PD_0785,Papio,kindae,0.0959839,M,Papio_anubis,Papio_kindae,Papio_kindae
383,PD_0786,Papio,kindae,0.03964553,M,Papio_anubis,Papio_kindae,Papio_kindae
384,PD_0787,Papio,kindae,0.02073145,M,Papio_anubis,Papio_kindae,Papio_kindae
385,PD_0788,Papio,kindae,0.01992373,F,Papio_anubis,Papio_kindae,Papio_kindae
386,PD_0789,Papio,kindae,0.13071581,F,Papio_anubis,Papio_kindae,Papio_kindae
387,PD_0790,Papio,kindae,0.04247254,F,Papio_anubis,Papio_kindae,Papio_kindae
388,PD_0791,Papio,kindae,0.04678037,F,Papio_anubis,Papio_kindae,Papio_kindae
389,PD_0792,Papio,kindae,0.05371329,F,Papio_anubis,Papio_kindae,Papio_kindae
390,PD_0793,Papio,kindae,0.03136641,M,Papio_anubis,Papio_kindae,Papio_kindae
391,PD_0794,Aotus,vociferans,0.0,M,Aotus_nancymaae,Aotus_vociferans,Aotus_vociferans
392,PD_0794_BAB,Papio,kindae,0.04583804,M,Papio_anubis,Papio_kindae,Papio_kindae
393,PD_0795,Aotus,vociferans,0.00566103,M,Aotus_nancymaae,Aotus_vociferans,Aotus_vociferans
394,PD_0796,Aotus,vociferans,0.00433314,M,Aotus_nancymaae,Aotus_vociferans,Aotus_vociferans
395,PD_0797,Aotus,vociferans,0.00971461,M,Aotus_nancymaae,Aotus_vociferans,Aotus_vociferans
396,PD_0798,Aotus,azarae,0.00461269,M,Aotus_nancymaae,Aotus_azarae,Aotus_azarae
397,PD_0799,Aotus,azarae,0.01984856,M,Aotus_nancymaae,Aotus_azarae,Aotus_azarae
398,PD_0800,Aotus,azarae,0.01397786,F,Aotus_nancymaae,Aotus_azarae,Aotus_azarae
399,PD_0801,Aotus,azarae,0.01062317,M,Aotus_nancymaae,Aotus_azarae,Aotus_azarae
400,PD_0802,Aotus,griseimembra,0.19002901,M,Aotus_nancymaae,Aotus_griseimembra,Aotus_griseimembra
401,PD_0803,Aotus,griseimembra,0.23881174,M,Aotus_nancymaae,Aotus_griseimembra,Aotus_griseimembra
402,PD_0804,Aotus,griseimembra,0.13488635,M,Aotus_nancymaae,Aotus_griseimembra,Aotus_griseimembra
403,PD_0805,Aotus,griseimembra,0.17737905,M,Aotus_nancymaae,Aotus_griseimembra,Aotus_griseimembra
404,PD_0806,Aotus,azarae,0.33917278,M,Aotus_nancymaae,Aotus_azarae,Aotus_azarae
405,PD_0807,Aotus,azarae,0.34993573,F,Aotus_nancymaae,Aotus_azarae,Aotus_azarae
406,PD_0808,Aotus,azarae,0.38355248,F,Aotus_nancymaae,Aotus_azarae,Aotus_azarae
407,PD_0809,Aotus,azarae,0.44477551,M,Aotus_nancymaae,Aotus_azarae,Aotus_azarae
408,PD_0810,Aotus,azarae,0.36167713,F,Aotus_nancymaae,Aotus_azarae,Aotus_azarae
409,PD_0811,Aotus,azarae,0.36223625,F,Aotus_nancymaae,Aotus_azarae,Aotus_azarae
410,PD_0812,Aotus,azarae,0.35958045,M,Aotus_nancymaae,Aotus_azarae,Aotus_azarae
411,PD_0813,Aotus,azarae,0.34665093,M,Aotus_nancymaae,Aotus_azarae,Aotus_azarae
412,PD_0814,Aotus,azarae,0.34266724,F,Aotus_nancymaae,Aotus_azarae,Aotus_azarae
413,PD_0815,Aotus,azarae,0.36405337,M,Aotus_nancymaae,Aotus_azarae,Aotus_azarae
414,PD_0816,Macaca,fascicularis,0.00128574,M,Macaca_mulatta,Macaca_fascicularis,Macaca_fascicularis
415,PD_0817,Macaca,fascicularis,0.0,F,Macaca_mulatta,Macaca_fascicularis,Macaca_fascicularis
416,PD_0818,Macaca,fascicularis,0.00054137,F,Macaca_mulatta,Macaca_fascicularis,Macaca_fascicularis
417,PD_0819,Macaca,fascicularis,0.0011504,M,Macaca_mulatta,Macaca_fascicularis,Macaca_fascicularis
418,PD_0820,Macaca,fascicularis,0.0186771,M,Macaca_mulatta,Macaca_fascicularis,Macaca_fascicularis
419,PD_0821,Macaca,fascicularis,0.06347508,M,Macaca_mulatta,Macaca_fascicularis,Macaca_fascicularis
420,PD_0822,Macaca,fascicularis,0.06212167,M,Macaca_mulatta,Macaca_fascicularis,Macaca_fascicularis
421,PD_0823,Macaca,fascicularis,0.06489616,M,Macaca_mulatta,Macaca_fascicularis,Macaca_fascicularis
422,PD_0824,Macaca,fascicularis,0.02700059,M,Macaca_mulatta,Macaca_fascicularis,Macaca_fascicularis
423,PD_0825,Macaca,fascicularis,0.19692162,M,Macaca_mulatta,Macaca_fascicularis,Macaca_fascicularis
424,PD_0826,Macaca,fascicularis,0.17722946,F,Macaca_mulatta,Macaca_fascicularis,Macaca_fascicularis
425,PD_0827,Macaca,fascicularis,0.17161279,F,Macaca_mulatta,Macaca_fascicularis,Macaca_fascicularis
426,PD_0828,Macaca,fascicularis,0.00169177,F,Macaca_mulatta,Macaca_fascicularis,Macaca_fascicularis
427,PD_0829,Macaca,fascicularis,0.00175944,F,Macaca_mulatta,Macaca_fascicularis,Macaca_fascicularis
428,PD_0830,Macaca,fascicularis,0.0,F,Macaca_mulatta,Macaca_fascicularis,Macaca_fascicularis
429,PD_0831,Macaca,fascicularis,0.0,M,Macaca_mulatta,Macaca_fascicularis,Macaca_fascicularis
430,PD_0832,Macaca,fascicularis,0.00243614,F,Macaca_mulatta,Macaca_fascicularis,Macaca_fascicularis
431,PD_0833,Macaca,fascicularis,0.08770118,F,Macaca_mulatta,Macaca_fascicularis,Macaca_fascicularis
432,PD_0834,Macaca,fascicularis,0.10313009,F,Macaca_mulatta,Macaca_fascicularis,Macaca_fascicularis
433,PD_0835,Macaca,fascicularis,0.08587407,F,Macaca_mulatta,Macaca_fascicularis,Macaca_fascicularis
434,PD_0836,Macaca,fascicularis,0.01840642,M,Macaca_mulatta,Macaca_fascicularis,Macaca_fascicularis
435,PD_0837,Macaca,fascicularis,0.20923768,F,Macaca_mulatta,Macaca_fascicularis,Macaca_fascicularis
436,PD_0838,Macaca,fascicularis,0.21817021,F,Macaca_mulatta,Macaca_fascicularis,Macaca_fascicularis
437,PD_0858,Macaca,nemestrina,0.02165461,M,Macaca_mulatta,Macaca_nemestrina,Macaca_nemestrina
438,PD_0860,Macaca,arctoides,0.0,F,Macaca_mulatta,Macaca_arctoides,Macaca_arctoides
439,PD_0867,Macaca,nemestrina,0.00033835,F,Macaca_mulatta,Macaca_nemestrina,Macaca_nemestrina
440,PD_0870,Macaca,nemestrina,0.00372189,F,Macaca_mulatta,Macaca_nemestrina,Macaca_nemestrina
441,PD_0872,Macaca,nemestrina,0.00257149,F,Macaca_mulatta,Macaca_nemestrina,Macaca_nemestrina
442,PD_0874,Macaca,nemestrina,0.00372189,F,Macaca_mulatta,Macaca_nemestrina,Macaca_nemestrina
443,SAMN01920473,Gorilla,beringei,0.39473569,M,Gorilla_gorilla_gorilla,Gorilla_beringei,Gorilla_beringei
444,SAMN01920474,Gorilla,beringei,0.27932348,M,Gorilla_gorilla_gorilla,Gorilla_beringei,Gorilla_beringei
445,SAMN01920475,Gorilla,beringei,0.49179865,F,Gorilla_gorilla_gorilla,Gorilla_beringei,Gorilla_beringei
446,SAMN01920476,Gorilla,gorilla,0.22667477,F,Gorilla_gorilla_gorilla,Gorilla_gorilla_gorilla,Gorilla_gorilla_gorilla_samn
447,SAMN01920477,Gorilla,gorilla,0.00635416,F,Gorilla_gorilla_gorilla,Gorilla_gorilla_gorilla,Gorilla_gorilla_gorilla_samn
448,SAMN01920478,Gorilla,gorilla,0.01050381,F,Gorilla_gorilla_gorilla,Gorilla_gorilla_gorilla,Gorilla_gorilla_gorilla_samn
449,SAMN01920479,Gorilla,gorilla,0.02217471,M,Gorilla_gorilla_gorilla,Gorilla_gorilla_gorilla,Gorilla_gorilla_gorilla_samn
450,SAMN01920480,Gorilla,gorilla,0.0177657,F,Gorilla_gorilla_gorilla,Gorilla_gorilla_gorilla,Gorilla_gorilla_gorilla_samn
451,SAMN01920481,Gorilla,gorilla,0.0038903,F,Gorilla_gorilla_gorilla,Gorilla_gorilla_gorilla,Gorilla_gorilla_gorilla_samn
452,SAMN01920482,Gorilla,gorilla,0.03760623,M,Gorilla_gorilla_gorilla,Gorilla_gorilla_gorilla,Gorilla_gorilla_gorilla_samn
453,SAMN01920483,Gorilla,gorilla,0.02399018,F,Gorilla_gorilla_gorilla,Gorilla_gorilla_gorilla,Gorilla_gorilla_gorilla_samn
454,SAMN01920484,Gorilla,gorilla,0.04253394,F,Gorilla_gorilla_gorilla,Gorilla_gorilla_gorilla,Gorilla_gorilla_gorilla_samn
455,SAMN01920485,Gorilla,gorilla,0.0719057,F,Gorilla_gorilla_gorilla,Gorilla_gorilla_gorilla,Gorilla_gorilla_gorilla_samn
456,SAMN01920486,Gorilla,gorilla,0.01497765,F,Gorilla_gorilla_gorilla,Gorilla_gorilla_gorilla,Gorilla_gorilla_gorilla_samn
457,SAMN01920487,Gorilla,gorilla,0.02950144,F,Gorilla_gorilla_gorilla,Gorilla_gorilla_gorilla,Gorilla_gorilla_gorilla_samn
458,SAMN01920488,Gorilla,gorilla,0.02418469,F,Gorilla_gorilla_gorilla,Gorilla_gorilla_gorilla,Gorilla_gorilla_gorilla_samn
459,SAMN01920489,Gorilla,gorilla,0.04817487,F,Gorilla_gorilla_gorilla,Gorilla_gorilla_gorilla,Gorilla_gorilla_gorilla_samn
460,SAMN01920490,Gorilla,gorilla,0.02703758,M,Gorilla_gorilla_gorilla,Gorilla_gorilla_gorilla,Gorilla_gorilla_gorilla_samn
461,SAMN01920491,Gorilla,gorilla,0.06114254,M,Gorilla_gorilla_gorilla,Gorilla_gorilla_gorilla,Gorilla_gorilla_gorilla_samn
462,SAMN01920492,Gorilla,gorilla,0.03254884,F,Gorilla_gorilla_gorilla,Gorilla_gorilla_gorilla,Gorilla_gorilla_gorilla_samn
463,SAMN01920493,Gorilla,gorilla,0.08072371,F,Gorilla_gorilla_gorilla,Gorilla_gorilla_gorilla,Gorilla_gorilla_gorilla_samn
464,SAMN01920494,Gorilla,gorilla,0.03326206,F,Gorilla_gorilla_gorilla,Gorilla_gorilla_gorilla,Gorilla_gorilla_gorilla_samn
465,SAMN01920495,Gorilla,gorilla,0.0333269,F,Gorilla_gorilla_gorilla,Gorilla_gorilla_gorilla,Gorilla_gorilla_gorilla_samn
466,SAMN01920496,Gorilla,gorilla,0.15619551,F,Gorilla_gorilla_gorilla,Gorilla_gorilla_gorilla,Gorilla_gorilla_gorilla_samn
467,SAMN01920497,Gorilla,gorilla,0.09810038,F,Gorilla_gorilla_gorilla,Gorilla_gorilla_gorilla,Gorilla_gorilla_gorilla_samn
468,SAMN01920498,Gorilla,gorilla,0.04681327,F,Gorilla_gorilla_gorilla,Gorilla_gorilla_gorilla,Gorilla_gorilla_gorilla_samn
469,SAMN01920499,Gorilla,gorilla,0.02645403,F,Gorilla_gorilla_gorilla,Gorilla_gorilla_gorilla,Gorilla_gorilla_gorilla_samn
470,SAMN01920500,Gorilla,gorilla,0.03112239,F,Gorilla_gorilla_gorilla,Gorilla_gorilla_gorilla,Gorilla_gorilla_gorilla_samn
471,SAMN01920501,Gorilla,gorilla,0.01355121,F,Gorilla_gorilla_gorilla,Gorilla_gorilla_gorilla,Gorilla_gorilla_gorilla_samn
472,SAMN01920502,Gorilla,gorilla,0.06205027,F,Gorilla_gorilla_gorilla,Gorilla_gorilla_gorilla,Gorilla_gorilla_gorilla_samn
473,SAMN01920503,Gorilla,gorilla,0.10607549,F,Gorilla_gorilla_gorilla,Gorilla_gorilla_gorilla,Gorilla_gorilla_gorilla_samn
474,SAMN01920504,Pan,paniscus,0.0,F,Pan_troglodytes,Pan_paniscus,Pan_paniscus
475,SAMN01920505,Pan,paniscus,0.07222148,F,Pan_troglodytes,Pan_paniscus,Pan_paniscus
476,SAMN01920506,Pan,paniscus,0.09345142,F,Pan_troglodytes,Pan_paniscus,Pan_paniscus
477,SAMN01920507,Pan,paniscus,0.06521097,F,Pan_troglodytes,Pan_paniscus,Pan_paniscus
478,SAMN01920508,Pan,paniscus,0.10562061,F,Pan_troglodytes,Pan_paniscus,Pan_paniscus
479,SAMN01920509,Pan,paniscus,0.04093873,M,Pan_troglodytes,Pan_paniscus,Pan_paniscus
480,SAMN01920510,Pan,paniscus,0.03644143,F,Pan_troglodytes,Pan_paniscus,Pan_paniscus
481,SAMN01920511,Pan,paniscus,0.04986721,F,Pan_troglodytes,Pan_paniscus,Pan_paniscus
482,SAMN01920512,Pan,paniscus,0.08604409,F,Pan_troglodytes,Pan_paniscus,Pan_paniscus
483,SAMN01920513,Pan,paniscus,0.04616355,M,Pan_troglodytes,Pan_paniscus,Pan_paniscus
484,SAMN01920514,Pan,paniscus,0.18577852,F,Pan_troglodytes,Pan_paniscus,Pan_paniscus
485,SAMN01920515,Pan,paniscus,0.00436503,F,Pan_troglodytes,Pan_paniscus,Pan_paniscus
486,SAMN01920516,Pan,paniscus,0.01243373,F,Pan_troglodytes,Pan_paniscus,Pan_paniscus
487,SAMN01920517,Pan,troglodytes,0.05244655,M,Pan_troglodytes,Pan_troglodytes,Pan_troglodytes_samn
488,SAMN01920518,Pan,troglodytes,0.19437631,F,Pan_troglodytes,Pan_troglodytes,Pan_troglodytes_samn
489,SAMN01920519,Pan,troglodytes,0.04609741,M,Pan_troglodytes,Pan_troglodytes,Pan_troglodytes_samn
490,SAMN01920520,Pan,troglodytes,0.06283004,M,Pan_troglodytes,Pan_troglodytes,Pan_troglodytes_samn
491,SAMN01920521,Pan,troglodytes,0.06468188,F,Pan_troglodytes,Pan_troglodytes,Pan_troglodytes_samn
492,SAMN01920522,Pan,troglodytes,0.04424558,F,Pan_troglodytes,Pan_troglodytes,Pan_troglodytes_samn
493,SAMN01920523,Pan,troglodytes,0.04312125,M,Pan_troglodytes,Pan_troglodytes,Pan_troglodytes_samn
494,SAMN01920524,Pan,troglodytes,0.03339913,F,Pan_troglodytes,Pan_troglodytes,Pan_troglodytes_samn
495,SAMN01920525,Pan,troglodytes,0.03339913,F,Pan_troglodytes,Pan_troglodytes,Pan_troglodytes_samn
496,SAMN01920526,Pan,troglodytes,0.1041656,F,Pan_troglodytes,Pan_troglodytes,Pan_troglodytes_samn
497,SAMN01920527,Pan,troglodytes,0.07288285,M,Pan_troglodytes,Pan_troglodytes,Pan_troglodytes_samn
498,SAMN01920528,Pan,troglodytes,0.1023799,F,Pan_troglodytes,Pan_troglodytes,Pan_troglodytes_samn
499,SAMN01920529,Pan,troglodytes,0.06567393,F,Pan_troglodytes,Pan_troglodytes,Pan_troglodytes_samn
500,SAMN01920530,Pan,troglodytes,0.02050244,M,Pan_troglodytes,Pan_troglodytes,Pan_troglodytes_samn
501,SAMN01920531,Pan,troglodytes,0.01646809,F,Pan_troglodytes,Pan_troglodytes,Pan_troglodytes_samn
502,SAMN01920532,Pan,troglodytes,0.05879569,F,Pan_troglodytes,Pan_troglodytes,Pan_troglodytes_samn
503,SAMN01920533,Pan,troglodytes,0.00562164,M,Pan_troglodytes,Pan_troglodytes,Pan_troglodytes_samn
504,SAMN01920534,Pan,troglodytes,0.01421943,F,Pan_troglodytes,Pan_troglodytes,Pan_troglodytes_samn
505,SAMN01920535,Pan,troglodytes,0.00509254,F,Pan_troglodytes,Pan_troglodytes,Pan_troglodytes_samn
506,SAMN01920536,Pan,troglodytes,0.03869008,F,Pan_troglodytes,Pan_troglodytes,Pan_troglodytes_samn
507,SAMN01920537,Pan,troglodytes,0.02943092,M,Pan_troglodytes,Pan_troglodytes,Pan_troglodytes_samn
508,SAMN01920538,Pan,troglodytes,0.0365737,F,Pan_troglodytes,Pan_troglodytes,Pan_troglodytes_samn
509,SAMN01920539,Pan,troglodytes,0.03452346,M,Pan_troglodytes,Pan_troglodytes,Pan_troglodytes_samn
510,SAMN01920540,Pan,troglodytes,0.01851833,M,Pan_troglodytes,Pan_troglodytes,Pan_troglodytes_samn
511,SAMN01920541,Pan,troglodytes,0.01540989,M,Pan_troglodytes,Pan_troglodytes,Pan_troglodytes_samn
512,SAMN01920542,Pongo,abelii,0.07092903,F,Pongo_abelii,Pongo_abelii,Pongo_abelii
513,SAMN01920543,Pongo,abelii,0.06583936,F,Pongo_abelii,Pongo_abelii,Pongo_abelii
514,SAMN01920544,Pongo,abelii,0.09840016,F,Pongo_abelii,Pongo_abelii,Pongo_abelii
515,SAMN01920545,Pongo,abelii,0.08097785,F,Pongo_abelii,Pongo_abelii,Pongo_abelii
516,SAMN01920546,Pongo,abelii,0.0732781,M,Pongo_abelii,Pongo_abelii,Pongo_abelii
517,SAMN01920547,Pongo,pygmaeus,0.07808712,F,Pongo_pygmaeus,Pongo_pygmaeus,Pongo_pygmaeus
518,SAMN01920548,Pongo,pygmaeus,0.01311919,F,Pongo_pygmaeus,Pongo_pygmaeus,Pongo_pygmaeus
519,SAMN01920549,Pongo,pygmaeus,0.07752885,F,Pongo_pygmaeus,Pongo_pygmaeus,Pongo_pygmaeus
520,SAMN01920550,Pongo,pygmaeus,0.05289547,F,Pongo_pygmaeus,Pongo_pygmaeus,Pongo_pygmaeus
521,SAMN01920551,Pongo,pygmaeus,0.09148544,M,Pongo_pygmaeus,Pongo_pygmaeus,Pongo_pygmaeus
522,HGDP00511,Homo,sapiens,0.0,/,Homo_sapiens,Homo_sapiens,Homo_sapiens
523,HGDP00512,Homo,sapiens,0.0,/,Homo_sapiens,Homo_sapiens,Homo_sapiens
524,HGDP00513,Homo,sapiens,0.0,/,Homo_sapiens,Homo_sapiens,Homo_sapiens
525,HGDP00514,Homo,sapiens,0.0,/,Homo_sapiens,Homo_sapiens,Homo_sapiens
526,HGDP00515,Homo,sapiens,0.0,/,Homo_sapiens,Homo_sapiens,Homo_sapiens
527,HGDP00516,Homo,sapiens,0.0,/,Homo_sapiens,Homo_sapiens,Homo_sapiens
528,HGDP00517,Homo,sapiens,0.0,/,Homo_sapiens,Homo_sapiens,Homo_sapiens
529,HGDP00518,Homo,sapiens,0.0,/,Homo_sapiens,Homo_sapiens,Homo_sapiens
530,HGDP00519,Homo,sapiens,0.0,/,Homo_sapiens,Homo_sapiens,Homo_sapiens
531,HGDP00520,Homo,sapiens,0.0,/,Homo_sapiens,Homo_sapiens,Homo_sapiens
532,HGDP00521,Homo,sapiens,0.0,/,Homo_sapiens,Homo_sapiens,Homo_sapiens
533,HGDP00522,Homo,sapiens,0.0,/,Homo_sapiens,Homo_sapiens,Homo_sapiens
534,HGDP00523,Homo,sapiens,0.0,/,Homo_sapiens,Homo_sapiens,Homo_sapiens
535,HGDP00524,Homo,sapiens,0.0,/,Homo_sapiens,Homo_sapiens,Homo_sapiens
536,HGDP00525,Homo,sapiens,0.0,/,Homo_sapiens,Homo_sapiens,Homo_sapiens
537,HGDP00526,Homo,sapiens,0.0,/,Homo_sapiens,Homo_sapiens,Homo_sapiens
538,HGDP00527,Homo,sapiens,0.0,/,Homo_sapiens,Homo_sapiens,Homo_sapiens
539,HGDP00528,Homo,sapiens,0.0,/,Homo_sapiens,Homo_sapiens,Homo_sapiens
540,HGDP00529,Homo,sapiens,0.0,/,Homo_sapiens,Homo_sapiens,Homo_sapiens
541,HGDP00530,Homo,sapiens,0.0,/,Homo_sapiens,Homo_sapiens,Homo_sapiens
542,HGDP00531,Homo,sapiens,0.0,/,Homo_sapiens,Homo_sapiens,Homo_sapiens
543,HGDP00533,Homo,sapiens,0.0,/,Homo_sapiens,Homo_sapiens,Homo_sapiens
544,HGDP00534,Homo,sapiens,0.0,/,Homo_sapiens,Homo_sapiens,Homo_sapiens
545,HGDP00535,Homo,sapiens,0.0,/,Homo_sapiens,Homo_sapiens,Homo_sapiens
546,HGDP00536,Homo,sapiens,0.0,/,Homo_sapiens,Homo_sapiens,Homo_sapiens
547,HGDP00537,Homo,sapiens,0.0,/,Homo_sapiens,Homo_sapiens,Homo_sapiens
548,HGDP00538,Homo,sapiens,0.0,/,Homo_sapiens,Homo_sapiens,Homo_sapiens
549,HGDP00539,Homo,sapiens,0.0,/,Homo_sapiens,Homo_sapiens,Homo_sapiens
